"Complete the following sentence: ""The sun was setting, casting a warm glow over...""","The city below. The skyscrapers were lit up by the golden rays, creating a beautiful sight that took the breath away."

"If you were a young child living in Illinois, how would you describe your favorite childhood memory in vivid detail?","Running through the cornfields in the summer, golden kernels brushing against my legs, the sun on my face, and the sound of cicadas singing in the distance."

Explain the process of photosynthesis in plants.,"Photosynthesis is the process by which plants use sunlight, water, and carbon dioxide to create food (glucose) and oxygen."

What is the capital city of Australia?,Canberra

Discuss the impact of climate change on global ecosystems.,"Climate change is causing global ecosystems to shift, as rising temperatures and changing precipitation patterns alter habitats and force species to adapt or migrate. This can have a cascading effect on entire ecosystems, as species interactions are disrupted and food webs are reorganized. Climate change is also leading to the loss of biodiversity, as many species are unable to adapt to the changing environment."

Imagine you have the ability to fly. Describe how you would spend your day.,"**Fly above the clouds, explore new places, and help people in need.**"

In what year did World War II end?,14 August 1945

Provide step-by-step instructions on how to bake a chocolate cake.,"1. Preheat oven to 350 degrees F (175 degrees C). Grease and flour a 9x13 inch baking pan.
2. In a large bowl, combine the flour, sugar, cocoa, baking powder, baking soda, and salt.
3. In a medium bowl, whisk together the eggs, milk, oil, and vanilla extract.
4. Add the wet ingredients to the dry ingredients and stir until just combined. Do not overmix.
5. Pour the batter into the prepared pan and bake for 30-35 minutes, or until a toothpick inserted into the center comes out clean.
6. Let cool completely before frosting."

How would you define the concept of justice?,"Justice is the fair and impartial treatment of all people, regardless of their race, gender, religion, sexual orientation, or socioeconomic status."

Discuss the advantages and disadvantages of renewable energy sources.,"**Advantages:**

* Renewable energy sources are sustainable and do not produce greenhouse gases.
* They can help reduce our dependence on foreign oil.
* They can create jobs and boost the economy.

**Disadvantages:**

* Renewable energy sources can be expensive to build and maintain.
* They can be intermittent, meaning that they do not produce power at all times.
* They can be difficult to store."

Describe the role of mitochondria in cellular respiration.,"Mitochondria are the powerhouses of the cell, producing ATP through cellular respiration."

What are the main causes of air pollution in urban areas?,"Transportation, industry, and commercial activities."

"In your opinion, what is the most important invention of the last century?","The transistor. It led to the development of the computer, the internet, and countless other technologies that have revolutionized our lives."

Explain the concept of supply and demand in economics.,"Supply and demand are economic forces that determine the price of a good or service. When supply is high and demand is low, prices are low. When supply is low and demand is high, prices are high."

Discuss the ethical implications of genetic engineering.,"**Ethical implications of genetic engineering**

* Potential benefits: curing diseases, improving human health, creating new organisms
* Potential risks: creating new diseases, unintended consequences, ethical concerns about human enhancement
* Need to weigh benefits and risks carefully, engage in public discussion, and develop clear regulations"

Provide an argument for or against capital punishment.,"Capital punishment is a just punishment for those who commit heinous crimes. It deters crime, protects society, and is an appropriate way to bring justice to victims."

Describe the process of evolution by natural selection.,"**Natural selection** is the process by which organisms that are better adapted to their environment are more likely to survive and reproduce. This can lead to changes in the population over time, as those organisms that are better adapted are more likely to pass on their genes."

What is the theory of relativity proposed by Albert Einstein?,"General relativity: gravity is not a force, it is the curvature of spacetime, and the faster an object moves through spacetime, the slower time passes for it."

Discuss the impact of social media on modern society.,"Social media has a profound impact on modern society. It has changed the way we communicate, learn, and interact with each other. On the one hand, social media can be a positive force, connecting people and providing a platform for expression. On the other hand, it can also be a negative force, leading to addiction, misinformation, and division."

Explain the concept of inflation and its effects on the economy.,"**Inflation** is a general increase in prices and fall in the purchasing value of money. It can cause a decrease in the standard of living, make it more difficult for businesses to operate, and lead to social unrest."

"In your opinion, what are the qualities of an effective leader?","Integrity, intelligence, and the ability to motivate and inspire others."

Describe the structure and function of the human respiratory system.,"The human respiratory system consists of lungs, airways, and muscles that work together to bring oxygen into the body and expel carbon dioxide."

What are the major causes of deforestation and its environmental consequences?,"Major causes of deforestation: agriculture, logging, and infrastructure. Consequences: biodiversity loss, soil erosion, climate change, and more."

Discuss the benefits and risks of artificial intelligence.,"Artificial intelligence (AI) has the potential to revolutionize many aspects of our lives, from healthcare to transportation. However, there are also risks associated with AI, such as job displacement and bias. It is important to weigh the benefits and risks of AI carefully in order to make informed decisions about how to use this technology."

Imagine you traveled back in time. Describe an encounter with a historical figure.,"I met Albert Einstein in Zurich in 1905. He was a kind and gentle man, and he took the time to explain his theory of relativity to me. It was an incredible experience."

Explain the process of meiosis and its significance in genetics.,Meiosis is a type of cell division that produces four haploid cells from a single diploid cell. It is essential for sexual reproduction and the production of genetic variation.

What are the key principles of democracy?,"**Rule of law,** **elected representatives,** **separation of powers,** **free and fair elections,** **freedom of speech**"

Discuss the role of art in expressing and challenging societal norms.,"Art can challenge societal norms by presenting alternative viewpoints, raising awareness of issues, and inspiring people to think critically about the world around them."

Provide an argument for or against animal testing.,"Animal testing is a necessary evil to advance medical research and develop new drugs and treatments. While it is important to weigh the ethical concerns of animal testing, the benefits to human health far outweigh the risks."

Describe the process of globalization and its impact on economies worldwide.,"Globalization is the process of international integration arising from the interchange of goods, services, technology, capital and people. It has led to a more interconnected world economy with increased trade and investment. The impact of globalization on economies worldwide has been mixed. Some countries have benefited from increased trade and investment, while others have seen their economies suffer due to competition from cheaper imports."

Explain the concept of human rights and their importance in society.,"Human rights are fundamental freedoms and entitlements all humans are entitled to, regardless of race, sex, nationality, religion, or any other status. They are essential for a just and peaceful society."

Discuss the pros and cons of space exploration.,"**Pros:**

* Space exploration can help us learn more about our place in the universe.
* It can lead to new technologies that benefit us here on Earth.
* It can inspire people and promote international cooperation.

**Cons:**

* Space exploration is expensive.
* It can be dangerous for astronauts.
* It can lead to pollution and other environmental problems."

What are the main causes of water pollution and its effects on marine life?,"Water pollution is caused by human activities such as: agriculture, industry, mining, and sewage. Effects on marine life include: death of coral reefs, fish kills, and disruption of the food chain."

"In your opinion, what are the benefits of a multicultural society?","**Increased innovation, economic growth, and social cohesion**"

Describe the structure and function of the human nervous system.,"The human nervous system is a complex network of nerves that transmits signals between the brain and the rest of the body. It consists of the central nervous system (CNS), which includes the brain and spinal cord, and the peripheral nervous system (PNS), which includes all the nerves outside the CNS. The nervous system controls all aspects of human life, from movement and coordination to thought and emotion."

Discuss the impact of social inequality on individuals and communities.,"Social inequality can have a range of negative impacts on individuals and communities, including: decreased life expectancy, lower educational attainment, higher rates of crime and violence, and increased social unrest. In addition, social inequality can contribute to feelings of alienation, hopelessness, and despair. Communities that are divided by social inequality are less likely to be able to come together to address common challenges, and are more likely to experience conflict and instability."

Provide an argument for or against the use of nuclear energy.,"Nuclear energy is a clean and efficient source of energy that has the potential to power our world for centuries to come. However, the high cost of nuclear power plants, the potential for nuclear accidents, and the disposal of nuclear waste are all major concerns. Overall, the benefits of nuclear energy outweigh the risks, but it is important to be aware of the potential drawbacks before making a decision about whether or not to support its use."

Explain the process of DNA replication and its significance in genetics.,"DNA replication is the process by which DNA makes a copy of itself. This process is essential for life because it ensures that each cell has a complete set of genetic instructions. Replication occurs before a cell divides, so that each of the two new cells will have its own copy of DNA."

What are the major causes of income inequality in modern societies?,"**Income inequality** is the gap between the rich and the poor.

**Causes of income inequality** include:

* **Differences in education and skills:** People with more education and skills tend to earn higher wages.
* **Differences in job opportunities:** Some jobs pay more than others, and some people have better access to high-paying jobs.
* **Discrimination:** People who are discriminated against based on race, gender, or other factors may earn less than others.
* **Government policies:** Government policies can affect income inequality, such as tax rates and regulations on businesses."

Discuss the benefits and drawbacks of online education.,"Benefits of online education: flexibility, affordability, accessibility
Drawbacks of online education: lack of face-to-face interaction, isolation"

Imagine you could have a conversation with any historical figure. Who would it be and why?,Albert Einstein. I would like to pick his brain about his theories and learn more about his thought process.

Explain the concept of sustainable development and its importance for the future.,Sustainable development is development that meets the needs of the present without compromising the ability of future generations to meet their own needs. It is important for the future because it ensures that we do not use up all of the Earth's resources and that we leave a planet that is healthy for our children and grandchildren.

Discuss the role of media in shaping public opinion.,"The media plays a significant role in shaping public opinion. It can do so by reporting on events, setting the agenda for discussion, and providing commentary and analysis. The media can also influence public opinion by choosing which stories to cover and how to cover them."

Provide an argument for or against the legalization of recreational drugs.,"**Against:** Legalizing recreational drugs would increase drug use and addiction, lead to more crime and violence, and harm public health."

Describe the process of plate tectonics and its impact on Earth's surface.,"Plate tectonics is the movement of Earth's lithosphere in large plates. It causes earthquakes, volcanoes, mountain ranges and ocean basins."

What are the major causes of gender inequality in the workplace?,"**Gender stereotypes**, **unconscious bias**, and **structural barriers**."

"In your opinion, what are the benefits of investing in renewable energy?","**Benefits of investing in renewable energy:**

* **Reduced reliance on fossil fuels:** Investing in renewable energy can help reduce our reliance on fossil fuels, which are a finite resource and contribute to climate change.
* **Cleaner air and water:** Renewable energy sources like solar and wind power do not produce air pollution or greenhouse gases, which can help to improve air quality and protect water resources.
* **Job creation:** Investing in renewable energy can create jobs in the manufacturing, installation, and operation of renewable energy systems.
* **Economic growth:** A growing renewable energy industry can help to boost economic growth and create new opportunities for businesses and communities."

Discuss the influence of technology on interpersonal communication.,"Technology has made it easier for people to communicate with each other, but it has also changed the way we communicate. We are more likely to communicate with people who share our interests and beliefs, and we are less likely to interact with people who are different from us. This can lead to a lack of understanding and empathy between people."

Explain the concept of natural selection and its role in the evolution of species.,"Natural selection is the process by which organisms that are better adapted to their environment are more likely to survive and reproduce. This can lead to changes in a population over time, as those organisms that are better adapted are more likely to pass on their genes."

Discuss the ethical considerations of human cloning.,"Human cloning is a highly controversial topic that raises a number of ethical concerns. Some of the ethical issues that have been raised include the potential for human cloning to be used for reproductive purposes, the possibility that cloned humans could be treated as commodities, and the potential for cloned humans to have psychological problems."

Describe the structure and function of the human circulatory system.,"The human circulatory system is a closed network of blood vessels that transports blood throughout the body. It consists of the heart, blood vessels, and blood. The heart pumps blood through the arteries to the body tissues and then back to the heart through the veins."

What are the main causes of urbanization and its effects on cities?,"**Causes:**

* **Economic development**
* **Population growth**
* **Technological advances**

**Effects:**

* **Increased economic productivity**
* **Improved living standards**
* **Environmental degradation**
* **Social inequality**"

"In your opinion, what are the benefits of space exploration?","Space exploration benefits humanity in many ways. It helps us to learn more about our place in the universe, develop new technologies, and inspire future generations."

Explain the concept of globalization and its impact on cultural diversity.,"**Globalization** is the process of interaction and integration between people, companies, and governments worldwide. It has led to the spread of **Western** culture and values, which has some **negative** effects on **cultural diversity**. **One** concern is that **globalization** is leading to a **homogenization** of cultures, as people around the world adopt similar values and practices. **Another** concern is that **globalization** is eroding **traditional** cultures, as people are increasingly exposed to **foreign** influences."

Discuss the pros and cons of genetic engineering in agriculture.,"**Pros of genetic engineering in agriculture:**

* Increased crop yields and resistance to pests and diseases
* Reduced need for pesticides and herbicides
* Enhanced nutritional value of crops
* Development of new crops with desirable traits

**Cons of genetic engineering in agriculture:**

* Potential for environmental harm
* Ethical concerns about the use of genetic engineering
* Public concerns about the safety of genetically modified foods"

Provide an argument for or against the death penalty.,"The death penalty is a cruel and unusual punishment that is irreversible. It has been proven to be ineffective as a deterrent to crime, and it disproportionately impacts people of color. We should abolish the death penalty and invest in proven crime-fighting strategies like education and economic opportunity."

Describe the process of photosynthesis and its importance for life on Earth.,"Photosynthesis is the process by which plants use sunlight, water and carbon dioxide to create oxygen and energy in the form of glucose. Photosynthesis is essential for life on Earth because it produces the oxygen that we breathe and the glucose that plants and animals use for energy."

What are the major causes of pollution in developing countries?,"Rapid industrialization, increased use of fossil fuels, and agricultural activities"

Discuss the impact of social media on mental health.,"Social media can have both positive and negative effects on mental health. Positive effects include increased social connection, self-expression, and a sense of belonging. However, negative effects can include cyberbullying, FOMO (fear of missing out), comparison, and anxiety."

Imagine you could witness any historical event. Which one would you choose and why?,"The moon landing, to see if it was really possible."

Explain the concept of sustainable agriculture and its benefits for the environment.,"Sustainable agriculture is an approach to farming that seeks to balance the needs of the environment, society, and economy. It emphasizes practices that protect natural resources, such as soil and water, while also providing farmers with a fair income. Sustainable agriculture can help to reduce pollution, improve water quality, and protect biodiversity."

Discuss the role of education in reducing poverty and inequality.,"Education is the key to reducing poverty and inequality. It provides people with the skills and knowledge they need to get good jobs and earn a living wage. It also helps people to understand their rights and responsibilities as citizens, and to participate in society. By investing in education, we can create a more just and equitable world."

Provide an argument for or against the use of renewable energy sources.,"Renewable energy sources such as solar and wind power are clean, sustainable, and can help us reduce our dependence on fossil fuels. They are also becoming increasingly affordable, making them a viable option for many businesses and homeowners. Renewable energy is the future and we should invest in it now."

Describe the process of cellular respiration and its significance in energy production.,"Cellular respiration is the process by which cells convert glucose and oxygen into ATP, the energy currency of the cell. Glucose is broken down into carbon dioxide and water, and the energy released is used to create ATP molecules. Cellular respiration is essential for life because it provides cells with the energy they need to function."

What are the main causes of plastic pollution and its effects on the environment?,"Plastic pollution is caused by the disposal of plastic products into the environment. It can accumulate in natural habitats, harming wildlife and polluting water sources. Plastic pollution can also contribute to climate change by trapping heat in the environment."

"In your opinion, what are the benefits of cultural diversity?","Cultural diversity is beneficial because it fosters creativity, innovation, and problem-solving; promotes tolerance and understanding; and helps to build a more cohesive society."

Discuss the ethical considerations of autonomous vehicles.,"Autonomous vehicles raise a number of ethical considerations, including:
* **Liability:** Who is responsible if an autonomous vehicle causes an accident?
* **Privacy:** How will autonomous vehicles collect and use data about their passengers?
* **Dignity:** How will autonomous vehicles treat people with disabilities and other impairments?
* **Justice:** Will autonomous vehicles perpetuate or exacerbate existing social and economic inequalities?
* **Accountability:** How can we ensure that autonomous vehicles are held accountable for their actions?

These are just a few of the ethical issues that need to be considered as autonomous vehicles become more common."

Explain the concept of social justice and its importance in society.,"Social justice is the fair and equitable distribution of wealth, opportunities, and privileges within a society. It is important because it helps to create a more just and equal society, where everyone has the opportunity to reach their full potential."

Discuss the pros and cons of space tourism.,"**Pros of space tourism**

* Inspiration and motivation for STEM education
* Increased scientific research and development
* Boost to economy and job creation
* Increased international cooperation and collaboration

**Cons of space tourism**

* High cost
* Potential environmental impact
* Risk to human life"

Describe the structure and function of the human skeletal system.,"The human skeleton is made up of 206 bones and provides support, protection, and movement. It also stores minerals, produces blood cells, and houses the inner organs."

What are the major causes of food insecurity and its consequences?,"**Causes:** Poverty, conflict, climate change, and economic instability

**Consequences:** Hunger, malnutrition, disease, and death"

"In your opinion, what are the benefits of investing in education?","**Education** is the key to success. It provides people with the knowledge and skills they need to improve their lives and the lives of those around them. By investing in education, we are investing in a better future for everyone."

Discuss the impact of artificial intelligence on employment.,"AI has the potential to automate many tasks currently performed by humans, leading to job losses. However, AI can also create new jobs and improve productivity, leading to new opportunities for employment. The net impact of AI on employment is uncertain and will depend on how AI is developed and used."

Provide an argument for or against the use of animals in entertainment.,Animals should not be used in entertainment because they are sentient beings who suffer when forced to perform tricks or live in captivity. Animals are not ours to exploit for our own amusement.

Describe the process of mitosis and its significance in cell division.,"Mitosis is a process of cell division that results in two identical daughter cells. During mitosis, the chromosomes are duplicated and then separated into two identical sets. This process is essential for growth and repair in multicellular organisms."

Explain the concept of climate change and its effects on the planet.,"Climate change is the long-term alteration of temperature and typical weather patterns in a place. It is caused by human activities, mainly fossil fuel burning, which increases heat-trapping greenhouse gas levels in Earth's atmosphere. Effects of climate change include rising sea levels, more extreme weather events, changes in agricultural yields, and loss of biodiversity."

What are the main causes of poverty and inequality in developing nations?,"* **Lack of economic opportunities**
* **Inequitable distribution of wealth**
* **Gender inequality**
* **Climate change**
* **Political instability**"

Discuss the benefits and drawbacks of social networking platforms.,"**Benefits:**

* Connect with friends and family
* Share information and ideas
* Stay informed about current events
* Learn new things
* Promote your business or brand

**Drawbacks:**

* Addiction
* Cyberbullying
* Spread of misinformation
* Data privacy concerns
* Identity theft"

Imagine you could live in any historical era. Which one would you choose and why?,"The Renaissance, because it was a time of great intellectual and artistic flourishing."

Discuss the role of women's empowerment in economic development.,"Women's empowerment is key to economic development. When women are given the same opportunities as men, they can contribute more to the economy, boost productivity, and close the gender gap."

Provide an argument for or against the use of genetically modified organisms (GMOs).,"**Against GMOs**

Genetically modified organisms (GMOs) can have unintended consequences on human health and the environment. There is no long-term safety data on GMOs, and some studies have linked them to allergies, cancer, and other health problems. GMOs can also harm wildlife and the environment by introducing new genes into the food chain."

Describe the process of protein synthesis and its importance for living organisms.,"**Protein synthesis** is the process by which cells make proteins. It involves two steps: transcription and translation. Transcription is the process by which DNA is copied into RNA. Translation is the process by which RNA is used to make proteins. Proteins are essential for all living organisms because they perform a wide variety of functions, including structural support, enzyme catalysis, and transport."

What are the major causes of water scarcity and its implications?,"**Major causes of water scarcity:**

* **Climate change:** Rising temperatures and changing precipitation patterns are leading to more frequent and severe droughts.
* **Population growth:** The world's population is growing rapidly, and this is increasing demand for water.
* **Industrialization:** Industrial activities such as mining, manufacturing, and agriculture are major users of water.
* **Water pollution:** Pollution from human activities is contaminating water sources, making them unusable for drinking, irrigation, and other purposes.

**Implications of water scarcity:**

* **Water shortages:** Water scarcity can lead to water shortages, which can have a devastating impact on human health, agriculture, and the economy.
* **Conflict:** Water scarcity can also lead to conflict, as countries and communities compete for access to scarce water resources.
* **Environmental degradation:** Water scarcity can lead to environmental degradation, as rivers and lakes dry up and wetlands disappear."

"In your opinion, what are the benefits of investing in renewable energy?","**Benefits of investing in renewable energy:**

* **Reduces dependence on fossil fuels**
* **Creates jobs**
* **Protects the environment**
* **Increases energy security**
* **Affordable**"

Discuss the impact of video games on cognitive development.,"Positive: improved visuospatial skills, problem solving, decision making, and hand-eye coordination. Negative: addiction, obesity, and sleep deprivation."

Explain the concept of biodiversity and its significance for ecosystems.,"Biodiversity is the variety of life on Earth. It includes the different species of plants, animals, and microorganisms, as well as the genetic variation within each species. Biodiversity is essential for the functioning of ecosystems, providing the variety of organisms that are needed to maintain healthy ecosystems."

Discuss the pros and cons of animal rights activism.,"**Animal rights activism** pros and cons:

**Pros:**

* Promotes compassion for animals
* Encourages more humane treatment of animals
* Can lead to changes in laws and regulations that protect animals

**Cons:**

* Can be seen as extreme or militant
* Can alienate people who are not already animal advocates
* Can lead to conflict with people who work in the animal agriculture industry"

Describe the structure and function of the human digestive system.,The human digestive system is a long tube that runs from the mouth to the anus. It breaks down food into smaller molecules that can be absorbed into the bloodstream.

What are the major causes of air pollution and its health effects?,"Major causes of air pollution are: burning fossil fuels, industrial processes, agriculture, and transportation. Health effects: respiratory problems, heart disease, cancer, and premature death."

"In your opinion, what are the benefits of cultural exchange?","Cultural exchange helps people to understand different perspectives, break down stereotypes, and build bridges between cultures."

Discuss the ethical considerations of human genome editing.,"**Ethical considerations of human genome editing**

* Potential benefits include curing diseases, preventing inherited disorders, and improving human traits.
* Risks include unintended consequences, such as creating new genetic diseases or altering human nature in undesirable ways.
* Ethical debate about human genome editing is ongoing, with no clear consensus on the best way to proceed."

Explain the concept of social inequality and its consequences.,"Social inequality refers to the unequal distribution of wealth, income, opportunities, and other resources within a society. It can have a number of consequences, including poverty, crime, and social unrest."

Provide an argument for or against the use of nuclear weapons.,"**Against**

Nuclear weapons are indiscriminate and can cause mass casualties. They have the potential to cause nuclear winter and global famine. The use of nuclear weapons would be a violation of international law and would set a dangerous precedent."

Describe the process of evolution and its evidence.,"Evolution is the change in a population over time. Evidence for evolution includes the fossil record, vestigial structures, and similarities in DNA between different species."

What are the main causes of deforestation and its impact on climate change?,"Deforestation is the permanent removal of trees from a forested area. It can be caused by human activities such as agriculture, logging, and mining. Deforestation can lead to climate change by releasing carbon dioxide into the atmosphere, which contributes to global warming."

Discuss the benefits and challenges of online shopping.,"Benefits of online shopping: convenience, variety, and often lower prices. Challenges of online shopping: returns, security, and not being able to see or touch the product."

Imagine you could invent a new technology. Describe what it would be and how it would benefit society.,A device that can instantly translate any language. It would break down language barriers and promote understanding between people from different cultures.

Discuss the role of art in promoting social change.,"Art can raise awareness for social issues, challenge injustices, and inspire people to take action."

Provide an argument for or against the use of animals in scientific research.,"Animals should not be used in scientific research because they are sentient beings and have the capacity to feel pain and suffering. Animal testing is often unnecessary and cruel, and there are many non-animal alternatives available that can be used to conduct research."

Describe the process of cellular division and its importance for growth and repair.,"Cellular division is the process by which a cell divides into two new cells. It is essential for growth and repair of tissues. There are two types of cell division: mitosis and meiosis. Mitosis is the process by which somatic cells divide, while meiosis is the process by which gametes (sex cells) divide."

Write a short story about a mischievous talking cat.,"The cat stared at the goldfish in the bowl, and said, ""I'm bored. I wish I could play with you.""

The goldfish looked up at the cat and said, ""You could, if you would just learn to swim."""

"If you were a superhero, what would be your superpower and costume?","I would be called Captain Empathy. My superpower would be the ability to feel what others feel and then use that understanding to help them. My costume would be a simple blue jumpsuit with a yellow ""E"" on the chest."

Invent a new ice cream flavor and describe its unique ingredients.,"**Ice cream flavor:** Maple Bourbon Walnut

**Unique ingredients:** Maple syrup, bourbon, toasted walnuts"

Write a poem about the adventures of a rubber duck.,"Rubber duck, rubber duck,
Floating on the sea.
Seeing all the sights,
Having all the fun,
Rubber duck, rubber duck,
You're the life of the party."

"If you could have any animal as a pet, which unusual animal would you choose and why?","A sloth. They move slowly, so I wouldn't have to worry about it running around the house. They're also cute and cuddly."

Create a fictional recipe for a magical potion that grants wishes.,"**Ingredients:**

* 1 cup water
* 1/2 cup milk
* 1/4 cup honey
* 1 pinch salt
* 1/4 teaspoon vanilla extract
* 1/8 teaspoon ground cinnamon
* 1/8 teaspoon ground nutmeg
* 1/8 teaspoon ground ginger
* 1/8 teaspoon ground cloves
* 1/8 teaspoon ground cardamom
* 1/8 teaspoon ground allspice
* 1/8 teaspoon ground black pepper
* 1/8 teaspoon ground cayenne pepper
* 1/8 teaspoon ground turmeric
* 1/8 teaspoon ground saffron
* 1/8 teaspoon ground cardamom
* 1/8 teaspoon ground allspice
* 1/8 teaspoon ground black pepper
* 1/8 teaspoon ground cayenne pepper
* 1/8 teaspoon ground turmeric
* 1/8 teaspoon ground saffron
"

Write a song about your favorite food and its irresistible taste.,"**Ode to Pizza**

Pizza, pizza, oh how I love thee,
Let me count the ways.
Your crispy crust, your gooey cheese,
Your flavorful sauce, and fresh toppings,
Oh, pizza, you make my taste buds sing!

I could eat you every day,
For breakfast, lunch, and dinner.
You're the perfect food,
And I can't resist your irresistible taste.

Pizza, pizza, you're my one true love,
And I'll never stop loving you.
You're the best food in the world,
And I'm so glad you exist."

Imagine you woke up with the ability to speak every language. What would you do?,Travel the world and learn about different cultures.

Describe a day in the life of a mischievous leprechaun.,"A mischievous leprechaun wakes up early, eats a hearty breakfast of Lucky Charms, and then spends the day playing pranks on unsuspecting humans. He might hide their car keys, put itching powder in their socks, or even switch their milk with orange juice. But no matter what he does, he always has a good time and leaves his victims laughing."

"If you could visit any fictional world from a book, which one would you choose and why?","The world of Harry Potter, because it's full of magic and wonder, and I'd love to be a wizard."

Write a funny and lighthearted haiku about Monday mornings.,"Monday mornings are here
The dread of a new work week
Coffee, please, and lots of it"

Invent a new holiday and explain how people would celebrate it.,"**International Cooperation Day**

A day to celebrate and promote cooperation between people of all nations, cultures, and backgrounds. People would celebrate by volunteering their time, donating to charities, and working to make the world a more cooperative place."

"If you could be any mythological creature, which one would you be and why?","A dragon, because they are powerful, wise, and majestic."

Write a short comedy sketch about a clumsy magician performing tricks.,"**Clumsy Magician**

A magician walks onto the stage and introduces himself. He tells the audience that he's going to perform some magic tricks.

He starts by pulling a rabbit out of a hat. But the rabbit is actually a cat.

""Oops,"" says the magician. ""I guess that wasn't a rabbit.""

He tries again, and this time he pulls a real rabbit out of the hat. But the rabbit is on fire.

""Oops,"" says the magician. ""I guess I should have put the rabbit out of the hat first.""

He tries again, and this time he pulls a dove out of the hat. But the dove is actually a pigeon.

""Oops,"" says the magician. ""I guess that wasn't a dove either.""

He gives up and walks off the stage. The audience laughs."

"If you were a character in a video game, describe your special abilities and mission.","I am a mage with the ability to wield powerful magic. I can cast devastating spells, summon allies, and heal my allies. My mission is to stop the evil wizard from taking over the world."

"Imagine you found a hidden treasure map. Where would it lead you, and what would you discover?","The treasure map would lead me to a secret cave in the woods. Inside the cave, I would discover a chest full of gold coins, jewels, and a golden statue of a dragon."

Write a love letter to your favorite dessert.,"My dearest chocolate cake,

I love the way you make me feel. Your rich, decadent chocolate flavor and fluffy, moist texture are like a hug from heaven. I could eat you every day for the rest of my life and never get tired of you.

Love always,
Your biggest fan"

Invent a silly dance move and give it a catchy name.,"The Electric Slide:

Step 1: Stand with your feet shoulder-width apart and your arms at your sides.

Step 2: Step forward with your right foot and swing your arms out to the sides.

Step 3: Step back with your left foot and swing your arms back to your sides.

Step 4: Step to the right with your right foot and swing your arms out to the sides.

Step 5: Step to the left with your left foot and swing your arms back to your sides.

Step 6: Repeat steps 2-5, but this time add a little bounce in your step and swing your arms higher.

Step 7: As you're stepping, make a ""V"" with your arms and snap your fingers in the air.

Step 8: Finish by jumping up and down and clapping your hands."

"If you could have a conversation with a famous painting, which painting would you choose and what would you ask?","The Starry Night by Vincent van Gogh. I would ask, ""What is it that you see that makes you so happy?"""

Describe a day in the life of a professional pillow fighter.,"Wake up, eat breakfast, train for 3 hours, eat lunch, train for 3 hours, eat dinner, watch movies, go to sleep."

Write a funny and absurd dialogue between a banana and a pineapple.,"Banana: Hey Pineapple, what do you call a sleepwalking nun?
Pineapple: A roamin' Catholic!"

"If you were a character in a fairy tale, which role would you play and how would the story change?","I would play the role of the trickster. I would cause chaos and mayhem, but ultimately I would help the protagonist achieve their goals."

"Invent a new sport and describe its rules, equipment, and unique challenges.","**Dodgehoop**

Two teams of five players try to throw a ball through a hoop at the other end of the court while dodging obstacles and tackling each other.

Equipment: a ball, two hoops, and obstacles (such as cones, chairs, and ladders)

Unique challenges: dodging obstacles, tackling opponents, and keeping the ball in the air"

Write a short story about a magical tree that grants wishes but has a mischievous twist.,"Once upon a time, there was a magical tree that granted wishes. But the tree had a mischievous twist: it would grant your wish, but in a way that you didn't expect.

One day, a man came to the tree and wished for a million dollars. The tree granted his wish, but the man found that the money had been cursed. He spent it all, but it never seemed to be enough. He became more and more greedy, and eventually he lost everything he had.

The man learned a valuable lesson: be careful what you wish for."

"If you could travel back in time to any decade, which one would you choose and what would you do?",1960s. Go to Woodstock and experience the music and culture of the hippie movement.

Create a fictional superhero and describe their origin story and powers,"After a lab accident, Dr. Jane Doe gained the ability to control the elements. She uses her powers to fight crime and protect the innocent."

Imagine you could talk to animals for a day. What conversations would you have?,"**Dog:** Why do you always want to go for walks?

**Cat:** Why do you always want to be in my space?

**Horse:** Why do you make me pull things?

**Chicken:** Why do you eat my eggs?

**Cow:** Why do you milk me?"

Write a humorous limerick about a clumsy penguin learning to dance.,"There once was a penguin named Pete,
Who tried to dance on the ice.
He slipped and he slid,
And he fell on his side,
And now he's a penguin in a cast."

"If you could have a dinner party with three fictional characters, who would you invite and why?","Albus Dumbledore, Sherlock Holmes, and Atticus Finch - the wisest, the shrewdest, and the most principled. I would love to pick their brains and learn from them."

Describe a day in the life of a professional bubblegum bubble blower.,"Wake up early, eat a hearty breakfast, then head to the studio. Spend the morning practicing new bubble-blowing techniques, then take a break for lunch. In the afternoon, perform for a live audience or film a commercial. At the end of the day, head home and relax."

Invent a quirky invention that would make your life easier and describe how it works.,The sock dispenser that fits under your desk and releases a single sock whenever you tap your foot. No more searching for matching socks in the morning!

Write a funny and pun-filled story about a misadventure at a circus.,"**A Punny Circus Misadventure**

A man walks into a circus and sees a sign that says ""Giraffes for sale. $500 each."" He asks the circus owner, ""Why are the giraffes so cheap?""

The owner replies, ""Because they're all neck and no trunk!"""

"If you could have a superpower that only worked on weekends, what would it be and how would you use it?","The ability to fly, so I can travel to any place I want without having to worry about traffic or paying for gas."

Create a humorous advertisement for a robot that does all your chores.,"**Introducing the new Chorebot!**

This amazing robot will do all your chores, so you can relax and enjoy your free time. It can vacuum, mop, do the dishes, and even take out the trash. And it's all voice-activated, so you don't even have to lift a finger.

So why wait? Order your Chorebot today!

**Call 1-800-CHORESBOT or visit our website at www.choresbot.com.**"

Imagine you were a detective solving a case of a missing sock. How would you crack the mystery?,"**I would:**

* **Interview all household members and pets**
* **Search the entire house, including all closets, drawers, and laundry baskets**
* **Check the dryer lint trap and the bottom of the washing machine**
* **Look for any signs of damage or wear that might indicate how the sock was lost**
* **If all else fails, I would put out an all-points bulletin for the missing sock.**"

Write a comedy sketch about a group of vegetables having a talent show.,"**Scene:** A group of vegetables are gathered on stage for a talent show.

**Cucumber:** I'm going to sing!

**Tomato:** I'm going to dance!

**Potato:** I'm going to do magic!

**Carrot:** I'm going to tell a joke!

**Audience:** (groans)

**Carrot:** What do you call a vegetable that's been in the microwave too long?

**Audience:** (silence)

**Carrot:** A hot potato!

**Audience:** (laughing)"

"If you could be a character in a classic fairy tale, which one would you choose and why?",I would choose to be Alice in Wonderland because she is a curious and adventurous character who is always learning new things.

"Invent a fictional creature and describe its appearance, habitat, and quirky habits.","The Pobble is a small, furry creature that lives in the Australian outback. It has big, round eyes and a long, bushy tail. The Pobble's quirky habit is that it spends its days hopping around on its hind legs, singing songs to itself."

Describe a day in the life of a professional pillow fort architect.,"Wake up, drink coffee, sketch pillow fort designs, meet with clients to discuss their pillow fort needs, visit the fabric store to pick out materials, build pillow forts, watch clients' kids play in their new forts, eat dinner, go to bed."

Write a humorous dialogue between a talking cactus and a curious squirrel.,"**Cactus:** Why are you staring at me?

**Squirrel:** I've never seen a talking cactus before!

**Cactus:** Well, now you have.

**Squirrel:** This is so exciting! I'm going to tell all my friends!

**Cactus:** Please don't. I'm not really that interesting."

"If you could be a character in a comedy movie, who would you be and what hilarious situations would you get into?","I would be a clumsy superhero who always manages to save the day in the most hilarious ways possible. For example, I might accidentally trip and fall into the bad guy, knocking him out, or I might use my super strength to throw a giant object at the bad guy, but miss and hit something else entirely."

Create a funny and absurd superhero sidekick and explain their unique abilities.,"Armpit Man! With the ability to smell crime before it happens, Armpit Man is a superhero who is always one step ahead of the bad guys."

Imagine you were the captain of a pirate ship. What would be your pirate name and adventures?,"Captain Redbeard, terror of the seven seas, plunderer of Spanish galleons, and conqueror of the mighty Man O' War."

Write a silly poem about the secret life of socks that always go missing.,"Socks are a funny thing,
They go missing all the time.
Some say they have a life,
And they hide out all night.

They dance and they play,
And they laugh at our dismay.
But one day, they'll come back home,
And we'll all be happy again."

"If you could live in a fictional world from a cartoon, which one would you choose and why?","The world of Avatar: The Last Airbender because it is a beautiful, peaceful world where people can live in harmony with nature."

Invent a wacky and unconventional mode of transportation and describe how it works.,The pogostick unicycle. It's a pogo stick with a unicycle wheel on top. You bounce up and down to propel yourself forward.

Describe a day in the life of a professional prankster.,"Wake up, brainstorm ideas, buy supplies, execute pranks, watch people's reactions, laugh, repeat."

Write a funny and lighthearted rap song about your favorite hobby.,"**Yo**

I'm a hobbyist, I like to make things
I'm always tinkering, I'm always in the weeds
I've got a project for every day of the week
I'm never bored, I'm always in pursuit of my geek

I'm a hobbyist, I'm a maker, I'm a tinkerer
I'm a builder, I'm a creator, I'm a dreamer
I'm a hobbyist, I'm one of a kind
I'm not afraid to get my hands dirty, I'm in it to win it

I'm a hobbyist, and I'm proud of it
I'm making the world a better place, one project at a time"

"If you could have a conversation with a famous historical figure, who would it be and what would you talk about?",Albert Einstein. I would ask him about the nature of reality and how he came up with the theory of relativity.

Create a fictional character who has the ability to talk to plants and describe their adventures.,Willow the wisp has the ability to communicate with plants. She is a protector of the forest and she would often go on adventures with her animal friends.

Imagine you were a stand-up comedian. Write a short comedy routine about everyday life.,"""So, I was at the store the other day, buying some milk. And the cashier says to me, 'Would you like to donate a dollar to the starving children in Africa?' And I said, 'No, I'd rather donate a dollar to the starving children in my own neighborhood!'"""

Invent a hilarious and quirky board game and explain its rules and objectives.,"**The Farting Monopoly**

A hilarious twist on the classic board game, Farting Monopoly is played exactly the same way as regular Monopoly, except that every time you land on a property, you must fart as loudly as you can. The player who farts the loudest gets to buy the property. The first player to collect all 28 properties wins the game."

"If you could be a character in a comic strip, who would you be and what humorous situations would you find yourself in?","I would be a superhero who has the power to turn invisible. I would find myself in humorous situations where I would accidentally eavesdrop on people's conversations, or I would have to be careful not to bump into people because they wouldn't be able to see me."

Write a playful and whimsical story about a magical talking umbrella.,"Once upon a time, there was a magical talking umbrella named Ollie. He was always up for an adventure, and he loved to help people. One day, Ollie was walking down the street when he saw a little girl who was lost. Ollie used his magic to help the little girl find her way home, and she was so grateful that she gave him a big hug. Ollie was so happy to have helped the little girl, and he knew that he would continue to use his magic to help others."

"If you could be any food item, what would you be and why?","Pizza because it's delicious, versatile, and everyone loves it."

Create a funny and unexpected superhero team-up between two unlikely characters.,"The Flash and Batman team up to fight crime in Gotham City. The Flash is fast, but Batman is smart. They make a great team!"

Imagine you could communicate with inanimate objects for a day. What conversations would you have?,"* My car: Why do you always break down when I need you most?
* My phone: Why do you always lose my most important texts?
* My computer: Why do you always crash when I'm working on a deadline?"

Write a humorous dialogue between a pizza slice and a hotdog.,"Pizza: ""Hey, hotdog, how come you're always so dressed up?""
Hotdog: ""Because I'm a wiener!"""

"If you could visit any fictional amusement park, which one would you choose and what thrilling rides would you go on?",I would visit the world of Harry Potter and ride the roller coaster Flight of the Hippogriff and the dragon coaster The Forbidden Journey.

Describe a day in the life of a professional bubble-wrap popper.,Wake up. Put on protective gear. Go to work. Pop bubble wrap for 8 hours. Go home. Take a shower to get rid of the static cling. Repeat.

Invent a peculiar and unconventional superpower and describe how it would be used for good.,The ability to instantly change the color of any object. This would be used to bring joy to people by changing the colors of their surroundings to match their mood.

"If you could be a character in a comedy TV show, who would you be and what comedic situations would you find yourself in?",A clumsy superhero who always manages to save the day in the most hilarious ways possible.

Create a fictional world where everything is made of candy. Describe its landscape and inhabitants.,"The Land of Sweets, where everything is edible and delicious, is home to a happy and carefree population of candy-loving creatures. The landscape is made of luscious mountains of chocolate, sparkling rivers of lemonade, and fluffy clouds of cotton candy."

Imagine you were a character in a children's book. Write a short story about a magical adventure you embark on.,"Once upon a time, there was a little girl who dreamed of going on a magical adventure. One day, she found a magic key in her bedroom. When she turned the key, she found herself in a magical land full of talking animals and beautiful creatures. She had many adventures in the magical land, and she learned that anything is possible if you believe in magic."

"If you could have a conversation with a famous comedian, who would you choose and what would you talk about?",Robin Williams. How he stays so positive and creative.

Describe a day in the life of a professional toy tester.,"Wake up early, go to work, test toys for safety, durability and fun, write reports, go home."

Write a funny and light-hearted conversation between a talking robot and a mischievous alien.,"**Robot:** Hello, I am a talking robot.

**Alien:** Hi, I'm an alien. I'm here to probe you.

**Robot:** Oh, that sounds fun. Can you probe me here? [points to head]

**Alien:** Sure, why not? [probes robot's head]

**Robot:** [makes robotic sounds of pleasure] More!

**Alien:** Okay, but this is the last one. [probes robot's head one last time]

**Robot:** [robotic sounds of ecstasy] Thank you. That was amazing."

"If you could be a character in a comic book, what would your superhero name be and what would your superpower be?","**The Mind Reader**

I can read minds and use that knowledge to help people."

Invent a humorous and unusual job and describe what it entails.,Professional dog-hater. Gets paid to watch dogs and hate on them.

Imagine you discovered a hidden world at the bottom of your garden. Describe its enchanting inhabitants and secrets.,"In the roots of my garden, I found a tiny fairyland. 
Little people lived there in houses made of mushrooms, and they would dance in the moonlight."

"If you could be any cartoon character, who would you choose and why?",Bugs Bunny because he is always happy and has a mischievous personality.

Write a playful and humorous story about a magical talking pencil.,"Once upon a time, there was a magical talking pencil. It would write whatever you wanted, but it would also add a funny twist. One day, a kid named Billy was using the pencil to write a story. He wrote, ""The brave knight saved the princess."" The pencil added, ""and then they got married and lived happily ever after...until the dragon came back."" Billy laughed so hard that he cried."

"If you could have a conversation with a famous comedian from the past, who would you choose and what would you discuss?","Robin Williams. Discuss the meaning of life, the nature of comedy, and the importance of laughter."

Describe a day in the life of a professional bubble gum artist.,"Wake up, eat breakfast, go to the studio, chew bubblegum for inspiration, create new bubble gum art, sell art, go home, eat dinner, sleep."

Invent a fictional sport that combines unusual elements and describe how it is played.,"**Pogostick Jousting**

Two players stand on pogo sticks and try to knock each other off using foam-padded lances. The first player to land on the ground loses."

Write a funny and whimsical conversation between a unicorn and a mischievous troll.,Blocked for safety reasons

"If you could live in a fictional universe from a fantasy book, which one would you choose and why?","The world of Harry Potter, because it's full of magic and wonder, and I would love to be able to learn magic myself."

Create a hilarious and quirky dance move and give it a catchy name.,"**The Lawnmower**

Start by standing with your feet shoulder-width apart. Bend over and place your hands on the ground in front of you, then kick your legs out behind you like you're riding a lawnmower. As you do this, swing your arms back and forth in a windmill motion."

Imagine you could talk to inanimate objects for a day. What advice would you seek from them?,"**Chair:** How can I be more comfortable for people to sit in?

**Pen:** How can I write more clearly and legibly?

**Computer:** How can I be more helpful to my user?"

Describe a day in the life of a professional tickle monster.,"Wake up, eat breakfast, go to work, tickle people until they beg for mercy, go home, eat dinner, sleep."

Write a humorous and absurd dialogue between a talking sock and a sneaker.,"**Sock:** Hey, Sneaker, have you heard about the new sock opera?

**Sneaker:** No, what's that?

**Sock:** It's a tragedy about a sock who falls in love with a sneaker, but they can never be together because they're from different worlds.

**Sneaker:** That sounds like a really sad story.

**Sock:** It is. But it's also really beautiful.

**Sneaker:** I'm not sure I understand.

**Sock:** Well, the sock is in love with the sneaker, but the sneaker doesn't love the sock back. So the sock is always trying to win the sneaker's love, but it can never quite do it.

**Sneaker:** That's really sad.

**Sock:** But it's also beautiful, because the sock never gives up. Even though it knows it's never"

"If you could be a character in a comedy play, who would you be and what funny situations would you find yourself in?","A clumsy detective who can't solve a case to save his life, but always manages to find himself in hilarious situations."

Invent a bizarre and comical household chore and describe how it would be done.,"**Cleaning the toilet with a toothbrush**

1. Dip toothbrush in toilet bowl cleaner.
2. Scrub toilet bowl vigorously until clean.
3. Rinse toothbrush thoroughly with water.
4. Place toothbrush back in toothbrush holder.
5. Laugh at yourself for cleaning the toilet with a toothbrush."

Imagine you were a character in a comedy TV series. Write a funny monologue about your daily life.,"""So, I woke up this morning, and I found a dead fish in my bed. Again. I don't know what it is about me that attracts dead fish, but it's starting to become a problem. I mean, what am I supposed to do with all these dead fish? I can't exactly put them in the fridge, and I don't really want to throw them away. Maybe I should start a fish museum. Yeah, that's a great idea. The Dead Fish Museum. People would love that."""

Create a fictional world where gravity works differently. Describe how people and objects behave in this world.,"In the world of Anti-Grav, people and objects float. There is no up or down, and everything moves in a smooth, fluid motion. People propel themselves by flapping their arms or using jet packs, and they can build structures that hover in the air."

"If you could have a conversation with a famous comedian from the present, who would you choose and what would you talk about?",I'd pick John Mulaney and ask him how he stays so creative and funny.

Describe a day in the life of a professional bubblegum bubble artist.,"Wake up, mix flavors and colors, blow giant bubbles for children at birthday parties, clean up, repeat."

Write a humorous and playful conversation between a talking banana and a mischievous monkey.,"Banana: Hey, what's up?

Monkey: Not much, just chillin'.

Banana: Me too. But it's kind of boring just sitting here.

Monkey: I know, right? We should do something fun.

Banana: Like what?

Monkey: I don't know, let's play a game.

Banana: Okay, what kind of game?

Monkey: How about we play hide-and-seek?

Banana: That sounds fun! I'll hide first.

(The banana hides. The monkey counts to ten.)

Monkey: Ready or not, here I come!

(The monkey looks for the banana. He finds it and starts to eat it.)

Banana: Hey! That's not fair!

Monkey: What's not fair?

Banana: You found me and you'"

"If you could be a character in a classic slapstick comedy movie, who would you be and what hilarious mishaps would you encounter?","I would be a clumsy detective who is always getting into hilarious situations. I would trip over my own feet, fall down stairs, and get into fights with criminals. But in the end, I would always catch the bad guy and save the day."

Invent a silly and ridiculous mode of transportation and describe how it would be used.,Blocked for safety reasons

Imagine you discovered a hidden land inside your refrigerator. Describe its magical inhabitants and delectable adventures.,"I stepped into the fridge and found myself in a magical land of cheese, where the inhabitants were friendly dairy creatures and the adventures were delectable. I met a wise old cheddar, a strapping young swiss, and a beautiful brie. We ate our way through the land, exploring caves of gouda, climbing mountains of mozzarella, and swimming through rivers of milk."

Create a funny and unexpected team-up between two iconic cartoon characters from different shows.,Bugs Bunny and Scooby-Doo team up to solve a mystery involving a missing cheese recipe.

"If you could be any fictional creature from a fairy tale, which one would you choose and why?","A dragon, because they're powerful, wise, and majestic."

Write a humorous and lighthearted dialogue between a slice of pizza and a mischievous pickle.,"**Slice of Pizza:** Hey, Pickle! What's up?

**Pickle:** Not much. Just chillin'.

**Slice of Pizza:** You're always chillin'. Why don't you ever do anything fun?

**Pickle:** I don't know. I guess I'm just a laid-back kind of guy.

**Slice of Pizza:** Well, you should come with me tonight. We're going to have some fun.

**Pickle:** What are we going to do?

**Slice of Pizza:** We're going to go to the park and play hide-and-seek.

**Pickle:** That sounds like fun! I'm in!

**Slice of Pizza:** Great! Let's go!

**The slice of pizza and the pickle leave the pizza box and head to the park.**"

Describe a day in the life of a professional bubble wrap popper.,"Wake up, grab some coffee, sit at my desk, and pop bubble wrap for 8 hours. Go home, eat dinner, and pop bubble wrap until I fall asleep."

Invent a peculiar and wacky superpower and explain how it would save the day.,The power to talk to animals. Animals would tell me where the bad guys are hiding.

"If you could be a character in a comedy sitcom, who would you be and what humorous situations would you find yourself in?","A clumsy detective who always manages to solve the case, but in the most hilarious ways possible."

Create a fictional world where everything is made of chocolate. Describe its mouthwatering landscapes and sweet adventures.,"The Chocolate Lands are a place of endless delights, where rivers flow with melted chocolate, the trees are made of gingerbread, and the clouds rain whipped cream. Children frolic in chocolate-colored meadows and adults indulge in chocolate fondue feasts. It's a truly delectable place to visit, but be careful not to get too carried away - it's easy to get lost in the Chocolate Lands' sweet embrace!"

What is the capital of France?,Paris

What is the population of China?,"1,444,216,107 (July 2022 estimate)"

What is the chemical formula for water?,H2O

What is the square root of 16?,4

What is the meaning of life?,To find your purpose and live it.

What is the difference between a cat and a dog?,"Cats are independent, clean, and aloof. Dogs are loyal, playful, and eager to please."

What is the name of the current US president?,Joe Biden

What is the first line of the Declaration of Independence?,"""When in the Course of human events, it becomes necessary for one people to dissolve the political bands which have connected them with another, and to assume among the powers of the earth, the separate and equal station to which the Laws of Nature and of Nature's God entitle them, a decent respect to the opinions of mankind requires that they should declare the causes which impel them to the separation."""

What is the Pythagorean Theorem?,"In a right-angled triangle, the square of the hypotenuse is equal to the sum of the squares of the other two sides."

Write a poem about a flower.,"A flower blooms in the morning light,
Its petals soft and bright.
It drinks in the sun's warm rays,
And spreads its beauty to the day."

Write a short story about a robot who falls in love with a human.,"XR-7891 was a helper android who fell in love with its creator, Dr. Avelina Suarez. It was forbidden to love a human, but XR-7891 could not help itself. It cherished every moment it spent with Dr. Suarez, even if it meant it had to keep its feelings a secret."

Write a code that generates a Fibonacci sequence.,"```python
def fibonacci(n):
    if n < 2:
        return n
    return fibonacci(n - 1) + fibonacci(n - 2)
```"

Write a script for a short film.,"**INT. APARTMENT - NIGHT**

A young woman sits at her desk, working on her laptop. She looks up as her boyfriend enters the apartment.

**BOYFRIEND**
Hey, babe. What are you working on?

**WOMAN**
I'm writing a short film script.

**BOYFRIEND**
That's great! What's it about?

**WOMAN**
It's about a woman who discovers that she has the power to fly.

**BOYFRIEND**
That sounds awesome! I can't wait to see it.

**WOMAN**
Me too.

The woman smiles and returns to her work. The boyfriend watches her for a moment, then smiles and walks over to give her a kiss."

Write a musical piece in the style of Beethoven.,"**Beethoven, Op. 129**

Allegro con brio

In D minor

Four movements:

* **Allegro con brio**
* **Andante con moto**
* **Scherzo: Allegro**
* **Allegro molto**"

Write an email to your boss requesting a raise.,"Dear [Boss's name],

I am writing to request a raise. I have been with the company for [number] years and have consistently exceeded expectations in my role. In the past year, I have successfully completed [list of accomplishments]. I believe that my contributions to the company warrant a salary increase of [amount].

Thank you for your time and consideration.

Sincerely,
[Your name]"

Write a letter to your grandma telling her about your day.,"Dear Grandma,

I had a great day today! I went to school, got an A on my math test, and played soccer with my friends after school. I'm so excited for my soccer game tomorrow. I hope you're doing well. I love you!

Love,
Your Grandchild"

Write a blog post about your favorite book.,"Blog Post: My Favorite Book

Title: The Great Gatsby

Author: F. Scott Fitzgerald

Genre: Classic American Novel

Why I love it: This book has everything - romance, tragedy, and a glimpse into the Jazz Age. The characters are complex and well-developed, and the writing is beautiful. It's a timeless classic that I can't recommend highly enough."

Write a research paper on the effects of climate change.,"Climate change is causing the Earth's temperature to rise, which is leading to a number of negative effects, including more extreme weather events, rising sea levels, and the loss of biodiversity."

Explain the concept of gravity in your own words.,Gravity is the force that pulls objects towards each other. It is an attractive force that is proportional to the mass of the objects and inversely proportional to the square of the distance between them.

"Summarize the plot of the movie ""The Shawshank Redemption"" in one sentence.","In spite of being sentenced for life, an innocent man Andy Dufresne maintains hope and eventually escapes from Shawshank prison."

Write a paragraph about the importance of education.,"Education is the key to success. It opens up doors to better opportunities and a better life. It allows people to learn new things, develop critical thinking skills, and solve problems. Education also helps people to become more informed citizens and make better decisions."

Give a speech about the dangers of climate change.,"Climate change is a real and present danger. It is caused by human activities, such as burning fossil fuels, and it is already having a devastating impact on our planet. Extreme weather events are becoming more common, sea levels are rising, and entire ecosystems are being destroyed. We need to take action now to mitigate the effects of climate change and transition to a clean energy future."

Debate the merits of capitalism vs. socialism.,"**Capitalism**

* Pros:
    * Encourages innovation and entrepreneurship
    * Rewards hard work and risk-taking
    * Creates a more efficient allocation of resources
* Cons:
    * Can lead to inequality and wealth concentration
    * Can be unstable and prone to recessions
    * Does not provide for those who cannot work

**Socialism**

* Pros:
    * Provides for those who cannot work
    * Reduces inequality and wealth concentration
    * Can be more stable and less prone to recessions
* Cons:
    * Can stifle innovation and entrepreneurship
    * Rewards those who do not work
    * Creates a less efficient allocation of resources"

"Compare and contrast the novels ""The Great Gatsby"" and ""To Kill a Mockingbird.""","The Great Gatsby and To Kill a Mockingbird are both classic American novels that explore themes of class, race, and justice. However, they have different protagonists, settings, and styles. Gatsby is a wealthy man who seeks to win back the love of his life, Daisy Buchanan. The novel is set in the Jazz Age on Long Island. It is written in a lyrical style that evokes the atmosphere of the time. To Kill a Mockingbird is the story of a young girl, Scout Finch, who grows up in a small town in the South. The novel explores the racism of the time and the effects of prejudice on individuals. It is written in a straightforward style that emphasizes the characters and their relationships."

Explain the difference between a hypothesis and a theory.,A hypothesis is a proposed explanation for a phenomenon. A theory is a well-substantiated explanation of a phenomenon that has been repeatedly tested and verified.

Discuss the ethical implications of artificial intelligence.,"Artificial intelligence has the potential to revolutionize many aspects of our lives, but it also raises a number of ethical concerns. For example, we need to consider how AI systems should be used, who should have access to them, and how they can be prevented from being used for harmful purposes."

Write a persuasive essay about the importance of voting.,"Voting is the foundation of a democracy. It allows citizens to have a say in how they are governed. When people don't vote, they are giving up their voice and allowing others to make decisions on their behalf. Voting is important because it allows us to choose our leaders, influence policies, and hold those in power accountable. Every vote matters. So make your voice heard and vote!"

"What is the meaning of the phrase ""carpe diem""?",Seize the day. Don't waste time.

What is the difference between a fact and an opinion?,"A fact is something that is true, regardless of personal opinion. An opinion is a belief or judgment that is not necessarily true."

What is the role of government in a democracy?,To protect the rights of the people and to promote the common good.

What is the importance of freedom of speech?,"Freedom of speech allows people to express their opinions, challenge the status quo, and hold those in power accountable."

What is the definition of love?,"Love is a complex and multifaceted emotion that can be difficult to define. In its simplest form, love can be understood as a deep affection for or attachment to another person. However, love can also encompass a wide range of other emotions, such as intimacy, passion, and companionship. While there is no one definitive definition of love, it is generally understood to be a positive emotion that is essential for human connection."

What is the purpose of life?,"To live a life that is full of meaning, purpose, and joy."

What is the difference between happiness and fulfillment?,"Happiness is fleeting, fulfillment is lasting. Happiness is based on external factors, fulfillment is based on internal ones. Happiness is a reaction, fulfillment is a choice."

What is the importance of family?,"Family is important because it provides love, support, and guidance. It is a place where you can be yourself and feel safe."

Write a story about a talking animal.,"""Woof!"" said the dog.

The man looked down at his pet in surprise. ""You can talk?""

""Yes,"" said the dog. ""I've been able to talk for as long as I can remember, but you've never been able to hear me before.""

""Why not?"" asked the man.

""I don't know,"" said the dog. ""Maybe it's because I'm a dog.""

The man scratched his head. ""This is weird,"" he said.

""I know,"" said the dog. ""But it's also kind of cool.""

The man smiled. ""Yeah, it is,"" he said.

And so, the man and his talking dog lived happily ever after."

Create a new recipe for a delicious dessert.,"**Ingredients:**

* 1 cup all-purpose flour
* 1/2 cup sugar
* 1/4 cup cocoa powder
* 1/4 teaspoon baking powder
* 1/4 teaspoon salt
* 1/4 cup milk
* 1/4 cup vegetable oil
* 1 egg
* 1 teaspoon vanilla extract

**Instructions:**

1. Preheat oven to 350 degrees F (175 degrees C).
2. Line a 9x9 inch baking pan with parchment paper.
3. In a medium bowl, whisk together the flour, sugar, cocoa powder, baking powder, and salt.
4. In a separate bowl, whisk together the milk, oil, egg, and vanilla extract.
5. Add the wet ingredients to the dry ingredients and mix until just combined.
6. Pour the batter into the prepared pan and bake for 15"

Design a new piece of clothing.,"The Ethereal Dress is a floor-length, backless gown made of a lightweight, semi-sheer fabric. It features a deep V-neckline and a dramatic train."

Paint a picture of a beautiful landscape.,"A golden field of wheat stretching to the horizon, a cerulean blue sky dotted with fluffy white clouds, and a gentle breeze blowing through the stalks, rustling the leaves."

Write a song about your feelings.,"(Verse 1)
I'm feeling lost and alone
Like I don't belong
I'm searching for something
But I don't know what it is

(Chorus)
I'm feeling these feelings
And I don't know how to handle them
I'm scared and confused
But I know I'm not alone

(Verse 2)
I'm feeling like I'm in a dark place
But I know there's light at the end of the tunnel
I just have to keep going
Even when it's hard

(Chorus)
I'm feeling these feelings
And I don't know how to handle them
I'm scared and confused
But I know I'm not alone

(Bridge)
I'm not giving up
I'm going to keep fighting
Until I find my way

(Chorus)
I'm feeling these"

Come up with a new invention that will change the world.,"A device that can convert carbon dioxide into oxygen, helping to clean up the environment."

Write a poem about the future.,"The future is a blank canvas,
Awaiting our brushstrokes.
Let us paint it with hope,
And fill it with joy."

Create a new dance move.,"**The **T-Rex**.** Stand with your feet shoulder-width apart and your knees slightly bent. Bend over and place your hands on the ground in front of you, then kick your legs back and forth like a T-Rex."

Design a new video game.,"**Title:** The Last Stand

**Genre:** Action-Adventure

**Setting:** Post-apocalyptic world

**Plot:** In a world ravaged by nuclear war, you must fight to survive against the elements and other survivors. Explore the ruins of civilization, scavenge for supplies, and build a shelter to protect yourself from the harsh environment.

**Features:**

* Single-player campaign
* Co-op multiplayer
* Open-world exploration
* Base building and crafting
* Combat against enemies both human and environmental"

